  [{"model": "nagoyameshi.category", "pk": 1, "fields": {"category_name": "和食", "created_at": "2024-01-16T08:51:24Z", "updated_at": "2024-01-16T08:52:03.293Z"}}, {"model": "nagoyameshi.category", "pk": 2, "fields": {"category_name": "中華", "created_at": "2024-01-16T09:06:07Z", "updated_at": "2024-01-16T09:06:11.729Z"}}, {"model": "nagoyameshi.category", "pk": 3, "fields": {"category_name": "ラーメン", "created_at": "2024-01-21T02:35:33Z", "updated_at": "2024-01-21T02:35:39.896Z"}}, {"model": "nagoyameshi.category", "pk": 4, "fields": {"category_name": "洋食", "created_at": "2024-01-21T02:37:48Z", "updated_at": "2024-01-21T02:37:50.781Z"}}, {"model": "nagoyameshi.category", "pk": 5, "fields": {"category_name": "エスニック", "created_at": "2024-01-29T11:26:35Z", "updated_at": "2024-01-29T11:26:41.643Z"}}, {"model": "nagoyameshi.category", "pk": 6, "fields": {"category_name": "イタリアン", "created_at": "2024-01-29T11:26:44Z", "updated_at": "2024-01-29T11:26:47.834Z"}}, {"model": "nagoyameshi.category", "pk": 7, "fields": {"category_name": "フレンチ", "created_at": "2024-01-29T11:26:47Z", "updated_at": "2024-01-29T11:26:50.871Z"}}, {"model": "nagoyameshi.category", "pk": 8, "fields": {"category_name": "居酒屋", "created_at": "2024-01-29T11:26:51Z", "updated_at": "2024-01-29T11:26:53.932Z"}}, {"model": "nagoyameshi.category", "pk": 9, "fields": {"category_name": "カフェ・喫茶店", "created_at": "2024-01-29T11:26:54Z", "updated_at": "2024-01-29T11:26:56.787Z"}}, {"model": "nagoyameshi.category", "pk": 10, "fields": {"category_name": "ファストフード", "created_at": "2024-01-29T11:26:56Z", "updated_at": "2024-01-29T11:27:01.801Z"}}, {"model": "nagoyameshi.category", "pk": 11, "fields": {"category_name": "焼肉", "created_at": "2024-01-29T11:27:01Z", "updated_at": "2024-01-29T11:27:05.155Z"}}, {"model": "nagoyameshi.category", "pk": 12, "fields": {"category_name": "うどん・そば", "created_at": "2024-01-29T11:27:05Z", "updated_at": "2024-01-29T11:27:08.938Z"}}, {"model": "nagoyameshi.category", "pk": 13, "fields": {"category_name": "その他", "created_at": "2024-01-29T11:27:09Z", "updated_at": "2024-01-29T11:27:13.736Z"}}, {"model": "nagoyameshi.area", "pk": 1, "fields": {"area": "中心部", "created_at": "2024-01-16T08:45:50Z", "updated_at": "2024-01-16T08:45:53.169Z"}}, {"model": "nagoyameshi.area", "pk": 2, "fields": {"area": "東部", "created_at": "2024-01-16T09:05:08Z", "updated_at": "2024-01-16T09:05:12.333Z"}}, {"model": "nagoyameshi.area", "pk": 3, "fields": {"area": "西部", "created_at": "2024-01-21T02:36:28Z", "updated_at": "2024-01-21T02:36:31.977Z"}}, {"model": "nagoyameshi.area", "pk": 4, "fields": {"area": "南部", "created_at": "2024-01-21T02:38:26Z", "updated_at": "2024-01-21T02:38:29.408Z"}}, {"model": "nagoyameshi.area", "pk": 5, "fields": {"area": "港", "created_at": "2024-01-24T08:17:56Z", "updated_at": "2024-01-24T08:17:59.177Z"}}, {"model": "nagoyameshi.paymethod", "pk": 1, "fields": {"paymethod": "現金", "created_at": "2024-01-16T08:39:13Z", "updated_at": "2024-01-16T08:39:15.806Z"}}, {"model": "nagoyameshi.paymethod", "pk": 2, "fields": {"paymethod": "クレジットカード", "created_at": "2024-01-16T08:39:15Z", "updated_at": "2024-01-16T08:39:18.403Z"}}, {"model": "nagoyameshi.paymethod", "pk": 3, "fields": {"paymethod": "交通系ICカード", "created_at": "2024-01-16T08:39:18Z", "updated_at": "2024-01-16T08:39:20.926Z"}}, {"model": "nagoyameshi.paymethod", "pk": 4, "fields": {"paymethod": "電子マネー", "created_at": "2024-01-16T08:39:21Z", "updated_at": "2024-01-16T08:39:23.385Z"}}, {"model": "nagoyameshi.holiday", "pk": 1, "fields": {"holiday": "月曜日", "created_at": "2024-01-16T08:45:10Z", "updated_at": "2024-01-16T08:45:12.882Z"}}, {"model": "nagoyameshi.holiday", "pk": 2, "fields": {"holiday": "木曜日", "created_at": "2024-01-16T09:05:28Z", "updated_at": "2024-01-16T09:05:32.117Z"}}, {"model": "nagoyameshi.holiday", "pk": 3, "fields": {"holiday": "火曜日", "created_at": "2024-01-21T02:36:47Z", "updated_at": "2024-01-21T02:36:50.687Z"}}, {"model": "nagoyameshi.holiday", "pk": 4, "fields": {"holiday": "水曜日", "created_at": "2024-01-21T02:38:46Z", "updated_at": "2024-01-21T02:38:50.805Z"}}, {"model": "nagoyameshi.holiday", "pk": 5, "fields": {"holiday": "金曜日", "created_at": "2024-01-29T11:30:45Z", "updated_at": "2024-01-29T11:30:53.260Z"}}, {"model": "nagoyameshi.holiday", "pk": 6, "fields": {"holiday": "土曜日", "created_at": "2024-01-29T11:31:54Z", "updated_at": "2024-01-29T11:31:58.058Z"}}, {"model": "nagoyameshi.holiday", "pk": 7, "fields": {"holiday": "日曜日", "created_at": "2024-01-29T11:32:01Z", "updated_at": "2024-01-29T11:32:03.411Z"}}, {"model": "nagoyameshi.restaurant", "pk": 2, "fields": {"name": "和食テスト", "name_kana": "ワショクテスト", "image": "nagoyameshi/restaurant/image/food_misonikomi_udon.png", "introduction": "aaaaaa", "area": 2, "post_code": "142-0063", "address": "Tokyo", "start_hour": "11:00:00", "end_hour": "23:00:00", "tel": "0902222222", "email": "testst@test.com", "headcount": 25, "has_parking": "あり", "created_at": "2024-01-16T09:04:40Z", "updated_at": "2024-02-20T01:54:14.030Z", "category_name": [1, 2], "holiday": [1, 2], "paymethod": [1, 2, 3, 4]}}, {"model": "nagoyameshi.restaurant", "pk": 3, "fields": {"name": "台湾ラーメン", "name_kana": "タイワンラーメン", "image": "nagoyameshi/restaurant/image/ramen_taiwan.png", "introduction": "名古屋グルメの台湾ラーメン", "area": 3, "post_code": "111-1111", "address": "愛知県名古屋市", "start_hour": "11:30:00", "end_hour": "23:30:00", "tel": "0123456789", "email": "1111@abc.com", "headcount": 10, "has_parking": "なし", "created_at": "2024-01-21T02:35:29Z", "updated_at": "2024-02-20T01:53:32.086Z", "category_name": [3], "holiday": [3], "paymethod": [1, 2, 3, 4]}}, {"model": "nagoyameshi.restaurant", "pk": 4, "fields": {"name": "あんかけスパゲティ", "name_kana": "アンカケスパゲティ", "image": "nagoyameshi/restaurant/image/food_misokatsu_v5oNyjk.png", "introduction": "名古屋グルメ", "area": 4, "post_code": "111-1111", "address": "愛知県名古屋市", "start_hour": "11:00:00", "end_hour": "20:00:00", "tel": "0123456789", "email": "111@abc.com", "headcount": 15, "has_parking": "あり", "created_at": "2024-01-21T02:37:43Z", "updated_at": "2024-02-20T01:53:05.681Z", "category_name": [4], "holiday": [4], "paymethod": [1, 2, 3]}}, {"model": "nagoyameshi.restaurant", "pk": 5, "fields": {"name": "喫茶名古屋", "name_kana": "キッサナゴヤ", "image": "nagoyameshi/restaurant/image/cafe_morning_coffee_set_ogura.png", "introduction": "喫茶店", "area": 1, "post_code": "111-1111", "address": "test", "start_hour": "07:00:00", "end_hour": "17:00:00", "tel": "0123456789", "email": "test@test.com", "headcount": 5, "has_parking": "あり", "created_at": "2024-01-29T11:28:08Z", "updated_at": "2024-02-20T01:52:40.788Z", "category_name": [9], "holiday": [5], "paymethod": [1, 4]}}, {"model": "nagoyameshi.restaurant", "pk": 6, "fields": {"name": "カフェコーヒー", "name_kana": "カフェコーヒー", "image": "nagoyameshi/restaurant/image/cafe_morning_coffee_set_ogura_yhTiSyY.png", "introduction": "test", "area": 2, "post_code": "111-1111", "address": "test", "start_hour": "07:00:00", "end_hour": "19:00:00", "tel": "0123456789", "email": "test@test.com", "headcount": 5, "has_parking": "なし", "created_at": "2024-01-29T11:31:20Z", "updated_at": "2024-02-20T01:52:12.020Z", "category_name": [9], "holiday": [6, 7], "paymethod": [1]}}, {"model": "nagoyameshi.restaurant", "pk": 7, "fields": {"name": "うどん屋NAGOYA", "name_kana": "ウドンヤナゴヤ", "image": "nagoyameshi/restaurant/image/food_misonikomi_udon_v5yhuQG.png", "introduction": "味噌煮込みうどん", "area": 3, "post_code": "111-1111", "address": "test", "start_hour": "10:00:00", "end_hour": "20:00:00", "tel": "0123456789", "email": "test@test.com", "headcount": 5, "has_parking": "あり", "created_at": "2024-01-29T11:32:32Z", "updated_at": "2024-02-20T01:51:44.342Z", "category_name": [1], "holiday": [3], "paymethod": [1, 3]}}, {"model": "nagoyameshi.restaurant", "pk": 8, "fields": {"name": "タイ料理バンコク", "name_kana": "タイリョウリバンコク", "image": "nagoyameshi/restaurant/image/food_misokatsu.png", "introduction": "タイ料理専門店", "area": 3, "post_code": "111-1111", "address": "test", "start_hour": "11:00:00", "end_hour": "22:00:00", "tel": "0123456789", "email": "test@test.com", "headcount": 15, "has_parking": "あり", "created_at": "2024-01-29T11:33:57Z", "updated_at": "2024-02-20T01:51:13.464Z", "category_name": [5], "holiday": [1, 7], "paymethod": [1, 2]}}, {"model": "nagoyameshi.restaurant", "pk": 9, "fields": {"name": "イタリアン　ピザ", "name_kana": "イタリアン　 ピザ", "image": "nagoyameshi/restaurant/image/food_misokatsu_9P40EvE.png", "introduction": "ピザ", "area": 4, "post_code": "111-1111", "address": "test", "start_hour": "11:00:00", "end_hour": "22:00:00", "tel": "0123456789", "email": "test@test.com", "headcount": 20, "has_parking": "なし", "created_at": "2024-01-29T11:35:41Z", "updated_at": "2024-02-20T01:50:49.900Z", "category_name": [6], "holiday": [4], "paymethod": [1, 4]}}, {"model": "nagoyameshi.restaurant", "pk": 10, "fields": {"name": "焼肉　愛知", "name_kana": "ヤキニク　アイチ", "image": "nagoyameshi/restaurant/image/food_misonikomi_udon_0mOzQC0.png", "introduction": "焼肉店", "area": 5, "post_code": "111-1111", "address": "test", "start_hour": "17:00:00", "end_hour": "23:00:00", "tel": "0123456789", "email": "test@test.com", "headcount": 10, "has_parking": "あり", "created_at": "2024-01-29T11:37:12Z", "updated_at": "2024-02-20T01:50:24.062Z", "category_name": [11], "holiday": [3, 4, 5], "paymethod": [1, 2]}}, {"model": "nagoyameshi.review", "pk": 2, "fields": {"user": "4ca361ae-bf60-4c9a-b90f-4b712f8bf545", "restaurant": 5, "star": 5, "subject": "テスト", "content": "テスト", "created_at": "2024-02-27T05:32:17.323Z"}}, {"model": "nagoyameshi.review", "pk": 3, "fields": {"user": "4ca361ae-bf60-4c9a-b90f-4b712f8bf545", "restaurant": 10, "star": 4, "subject": "テスト", "content": "テスト", "created_at": "2024-02-28T01:13:34.705Z"}}, {"model": "nagoyameshi.company", "pk": 1, "fields": {"name": "株式会社SAMURAI", "name_kana": "カブシキガイシャサムライ", "ceo": "test", "founding_date": "2015-03-19", "capital": 11000, "activity": "test", "post_code": "101-0022", "tel": "0123456789", "email": "test@test.com", "created_at": "2024-01-23T10:38:28Z", "updated_at": "2024-01-24T06:30:10.662Z"}}, {"model": "nagoyameshi.reservation", "pk": 1, "fields": {"user": "3e1116cd-c7a5-4382-89bc-34acedbad4d5", "restaurant": 2, "scheduled_date": "2024-02-13T08:00:00Z", "headcount": 2, "note": "test"}}, {"model": "nagoyameshi.reservation", "pk": 3, "fields": {"user": "3e1116cd-c7a5-4382-89bc-34acedbad4d5", "restaurant": 9, "scheduled_date": "2024-02-14T09:00:00Z", "headcount": 2, "note": "test"}}, {"model": "nagoyameshi.reservation", "pk": 7, "fields": {"user": "4ca361ae-bf60-4c9a-b90f-4b712f8bf545", "restaurant": 9, "scheduled_date": "2024-02-22T03:00:00Z", "headcount": 2, "note": ""}}, {"model": "accounts.customuser", "pk": "3e1116cd-c7a5-4382-89bc-34acedbad4d5", "fields": {"password": "pbkdf2_sha256$720000$qHwAQdHWtfBEbXLKYJ7h28$ZuAwb42AVYpJu+jleKu88YrR1mSVhAtp2GMqLwAoc6w=", "last_login": "2024-02-27T05:44:55.800Z", "is_superuser": true, "username": "MarinaInoue", "customer": "", "last_name": "", "first_name": "", "last_name_kana": "", "first_name_kana": "", "email": "mariin5@icloud.com", "tel": null, "gender": null, "birthday": null, "is_staff": true, "is_active": true, "date_joined": "2024-01-10T08:56:51Z", "groups": [], "user_permissions": []}}, {"model": "accounts.customuser", "pk": "4ca361ae-bf60-4c9a-b90f-4b712f8bf545", "fields": {"password": "pbkdf2_sha256$720000$RU7jigmcgdmPejsVEaJXyE$iqp6NVANKYrELEX3RuSNzNgsDsLc0YaGYJi4Z89W92I=", "last_login": "2024-02-28T01:13:10.173Z", "is_superuser": true, "username": "test", "customer": "cus_PauAS6MuknH0FT", "last_name": "", "first_name": "", "last_name_kana": "", "first_name_kana": "", "email": "test@test.com", "tel": null, "gender": null, "birthday": null, "is_staff": true, "is_active": true, "date_joined": "2024-02-19T09:47:47Z", "groups": [], "user_permissions": []}}, {"model": "admin.logentry", "pk": 1, "fields": {"action_time": "2024-01-16T08:39:15.811Z", "user": "3e1116cd-c7a5-4382-89bc-34acedbad4d5", "content_type": 5, "object_id": "1", "object_repr": "現金", "action_flag": 1, "change_message": "[{\"added\": {}}]"}}, {"model": "admin.logentry", "pk": 2, "fields": {"action_time": "2024-01-16T08:39:18.411Z", "user": "3e1116cd-c7a5-4382-89bc-34acedbad4d5", "content_type": 5, "object_id": "2", "object_repr": "クレ ジットカード", "action_flag": 1, "change_message": "[{\"added\": {}}]"}}, {"model": "admin.logentry", "pk": 3, "fields": {"action_time": "2024-01-16T08:39:20.936Z", "user": "3e1116cd-c7a5-4382-89bc-34acedbad4d5", "content_type": 5, "object_id": "3", "object_repr": "交通系ICカード", "action_flag": 1, "change_message": "[{\"added\": {}}]"}}, {"model": "admin.logentry", "pk": 4, "fields": {"action_time": "2024-01-16T08:39:23.399Z", "user": "3e1116cd-c7a5-4382-89bc-34acedbad4d5", "content_type": 5, "object_id": "4", "object_repr": "電子マネー", "action_flag": 1, "change_message": "[{\"added\": {}}]"}}, {"model": "admin.logentry", "pk": 5, "fields": {"action_time": "2024-01-16T08:45:12.885Z", "user": "3e1116cd-c7a5-4382-89bc-34acedbad4d5", "content_type": 4, "object_id": "1", "object_repr": "月曜日", "action_flag": 1, "change_message": "[{\"added\": {}}]"}}, {"model": "admin.logentry", "pk": 6, "fields": {"action_time": "2024-01-16T08:45:53.173Z", "user": "3e1116cd-c7a5-4382-89bc-34acedbad4d5", "content_type": 1, "object_id": "1", "object_repr": "中心部", "action_flag": 1, "change_message": "[{\"added\": {}}]"}}, {"model": "admin.logentry", "pk": 7, "fields": {"action_time": "2024-01-16T08:52:03.296Z", "user": "3e1116cd-c7a5-4382-89bc-34acedbad4d5", "content_type": 2, "object_id": "1", "object_repr": "和食", "action_flag": 1, "change_message": "[{\"added\": {}}]"}}, {"model": "admin.logentry", "pk": 8, "fields": {"action_time": "2024-01-16T09:03:12.991Z", "user": "3e1116cd-c7a5-4382-89bc-34acedbad4d5", "content_type": 6, "object_id": "1", "object_repr": "Restaurant object (1)", "action_flag": 1, "change_message": "[{\"added\": {}}]"}}, {"model": "admin.logentry", "pk": 9, "fields": {"action_time": "2024-01-16T09:05:12.337Z", "user": "3e1116cd-c7a5-4382-89bc-34acedbad4d5", "content_type": 1, "object_id": "2", "object_repr": "東部", "action_flag": 1, "change_message": "[{\"added\": {}}]"}}, {"model": "admin.logentry", "pk": 10, "fields": {"action_time": "2024-01-16T09:05:32.120Z", "user": "3e1116cd-c7a5-4382-89bc-34acedbad4d5", "content_type": 4, "object_id": "2", "object_repr": "木曜日", "action_flag": 1, "change_message": "[{\"added\": {}}]"}}, {"model": "admin.logentry", "pk": 11, "fields": {"action_time": "2024-01-16T09:06:11.749Z", "user": "3e1116cd-c7a5-4382-89bc-34acedbad4d5", "content_type": 2, "object_id": "2", "object_repr": "中華", "action_flag": 1, "change_message": "[{\"added\": {}}]"}}, {"model": "admin.logentry", "pk": 12, "fields": {"action_time": "2024-01-16T09:06:25.429Z", "user": "3e1116cd-c7a5-4382-89bc-34acedbad4d5", "content_type": 6, "object_id": "2", "object_repr": "Restaurant object (2)", "action_flag": 1, "change_message": "[{\"added\": {}}]"}}, {"model": "admin.logentry", "pk": 13, "fields": {"action_time": "2024-01-16T09:50:56.320Z", "user": "3e1116cd-c7a5-4382-89bc-34acedbad4d5", "content_type": 6, "object_id": "2", "object_repr": "Restaurant object (2)", "action_flag": 2, "change_message": "[{\"changed\": {\"fields\": [\"\\u30ab\\u30c6\\u30b4\\u30ea\"]}}]"}}, {"model": "admin.logentry", "pk": 14, "fields": {"action_time": "2024-01-21T02:35:39.909Z", "user": "3e1116cd-c7a5-4382-89bc-34acedbad4d5", "content_type": 2, "object_id": "3", "object_repr": "ラーメン", "action_flag": 1, "change_message": "[{\"added\": {}}]"}}, {"model": "admin.logentry", "pk": 15, "fields": {"action_time": "2024-01-21T02:36:32.004Z", "user": "3e1116cd-c7a5-4382-89bc-34acedbad4d5", "content_type": 1, "object_id": "3", "object_repr": "西部", "action_flag": 1, "change_message": "[{\"added\": {}}]"}}, {"model": "admin.logentry", "pk": 16, "fields": {"action_time": "2024-01-21T02:36:50.731Z", "user": "3e1116cd-c7a5-4382-89bc-34acedbad4d5", "content_type": 4, "object_id": "3", "object_repr": "火曜日", "action_flag": 1, "change_message": "[{\"added\": {}}]"}}, {"model": "admin.logentry", "pk": 17, "fields": {"action_time": "2024-01-21T02:37:43.162Z", "user": "3e1116cd-c7a5-4382-89bc-34acedbad4d5", "content_type": 6, "object_id": "3", "object_repr": "Restaurant object (3)", "action_flag": 1, "change_message": "[{\"added\": {}}]"}}, {"model": "admin.logentry", "pk": 18, "fields": {"action_time": "2024-01-21T02:37:50.819Z", "user": "3e1116cd-c7a5-4382-89bc-34acedbad4d5", "content_type": 2, "object_id": "4", "object_repr": "洋食", "action_flag": 1, "change_message": "[{\"added\": {}}]"}}, {"model": "admin.logentry", "pk": 19, "fields": {"action_time": "2024-01-21T02:38:29.417Z", "user": "3e1116cd-c7a5-4382-89bc-34acedbad4d5", "content_type": 1, "object_id": "4", "object_repr": "南部", "action_flag": 1, "change_message": "[{\"added\": {}}]"}}, {"model": "admin.logentry", "pk": 20, "fields": {"action_time": "2024-01-21T02:38:50.842Z", "user": "3e1116cd-c7a5-4382-89bc-34acedbad4d5", "content_type": 4, "object_id": "4", "object_repr": "水曜日", "action_flag": 1, "change_message": "[{\"added\": {}}]"}}, {"model": "admin.logentry", "pk": 21, "fields": {"action_time": "2024-01-21T02:39:08.669Z", "user": "3e1116cd-c7a5-4382-89bc-34acedbad4d5", "content_type": 6, "object_id": "4", "object_repr": "Restaurant object (4)", "action_flag": 1, "change_message": "[{\"added\": {}}]"}}, {"model": "admin.logentry", "pk": 22, "fields": {"action_time": "2024-01-23T09:16:28.589Z", "user": "3e1116cd-c7a5-4382-89bc-34acedbad4d5", "content_type": 6, "object_id": "4", "object_repr": "あんかけスパゲティ", "action_flag": 2, "change_message": "[{\"changed\": {\"fields\": [\"\\u99d0\\u8eca\\u5834\"]}}]"}}, {"model": "admin.logentry", "pk": 23, "fields": {"action_time": "2024-01-23T09:16:36.900Z", "user": "3e1116cd-c7a5-4382-89bc-34acedbad4d5", "content_type": 6, "object_id": "3", "object_repr": "台湾ラーメン", "action_flag": 2, "change_message": "[{\"changed\": {\"fields\": [\"\\u99d0\\u8eca\\u5834\"]}}]"}}, {"model": "admin.logentry", "pk": 24, "fields": {"action_time": "2024-01-23T09:16:45.705Z", "user": "3e1116cd-c7a5-4382-89bc-34acedbad4d5", "content_type": 6, "object_id": "2", "object_repr": "和食テスト", "action_flag": 2, "change_message": "[{\"changed\": {\"fields\": [\"\\u99d0\\u8eca\\u5834\"]}}]"}}, {"model": "admin.logentry", "pk": 25, "fields": {"action_time": "2024-01-23T09:16:53.530Z", "user": "3e1116cd-c7a5-4382-89bc-34acedbad4d5", "content_type": 6, "object_id": "1", "object_repr": "test", "action_flag": 2, "change_message": "[{\"changed\": {\"fields\": [\"\\u99d0\\u8eca\\u5834\"]}}]"}}, {"model": "admin.logentry", "pk": 26, "fields": {"action_time": "2024-01-23T10:39:10.399Z", "user": "3e1116cd-c7a5-4382-89bc-34acedbad4d5", "content_type": 3, "object_id": "1", "object_repr": "Company object (1)", "action_flag": 1, "change_message": "[{\"added\": {}}]"}}, {"model": "admin.logentry", "pk": 27, "fields": {"action_time": "2024-01-24T06:30:10.707Z", "user": "3e1116cd-c7a5-4382-89bc-34acedbad4d5", "content_type": 3, "object_id": "1", "object_repr": "Company object (1)", "action_flag": 2, "change_message": "[{\"changed\": {\"fields\": [\"\\u4f1a\\u793e\\u540d\", \"\\u4f1a\\u793e\\u540d\\u30d5\\u30ea\\u30ac\\u30ca\", \"\\u8a2d\\u7acb\\u65e5\", \"\\u8cc7\\u672c\\u91d1(\\u4e07\\u5186)\", \"\\u90f5\\u4fbf\\u756a\\u53f7\"]}}]"}}, {"model": "admin.logentry", "pk": 28, "fields": {"action_time": "2024-01-24T08:17:59.185Z", "user": "3e1116cd-c7a5-4382-89bc-34acedbad4d5", "content_type": 1, "object_id": "5", "object_repr": "港", "action_flag": 1, "change_message": "[{\"added\": {}}]"}}, {"model": "admin.logentry", "pk": 29, "fields": {"action_time": "2024-01-29T11:26:41.655Z", "user": "3e1116cd-c7a5-4382-89bc-34acedbad4d5", "content_type": 2, "object_id": "5", "object_repr": "エスニック", "action_flag": 1, "change_message": "[{\"added\": {}}]"}}, {"model": "admin.logentry", "pk": 30, "fields": {"action_time": "2024-01-29T11:26:47.841Z", "user": "3e1116cd-c7a5-4382-89bc-34acedbad4d5", "content_type": 2, "object_id": "6", "object_repr": "イタリアン", "action_flag": 1, "change_message": "[{\"added\": {}}]"}}, {"model": "admin.logentry", "pk": 31, "fields": {"action_time": "2024-01-29T11:26:50.880Z", "user": "3e1116cd-c7a5-4382-89bc-34acedbad4d5", "content_type": 2, "object_id": "7", "object_repr": "フレンチ", "action_flag": 1, "change_message": "[{\"added\": {}}]"}}, {"model": "admin.logentry", "pk": 32, "fields": {"action_time": "2024-01-29T11:26:53.971Z", "user": "3e1116cd-c7a5-4382-89bc-34acedbad4d5", "content_type": 2, "object_id": "8", "object_repr": "居酒屋", "action_flag": 1, "change_message": "[{\"added\": {}}]"}}, {"model": "admin.logentry", "pk": 33, "fields": {"action_time": "2024-01-29T11:26:56.826Z", "user": "3e1116cd-c7a5-4382-89bc-34acedbad4d5", "content_type": 2, "object_id": "9", "object_repr": "カフェ・喫茶店", "action_flag": 1, "change_message": "[{\"added\": {}}]"}}, {"model": "admin.logentry", "pk": 34, "fields": {"action_time": "2024-01-29T11:27:01.828Z", "user": "3e1116cd-c7a5-4382-89bc-34acedbad4d5", "content_type": 2, "object_id": "10", "object_repr": "ファストフード", "action_flag": 1, "change_message": "[{\"added\": {}}]"}}, {"model": "admin.logentry", "pk": 35, "fields": {"action_time": "2024-01-29T11:27:05.192Z", "user": "3e1116cd-c7a5-4382-89bc-34acedbad4d5", "content_type": 2, "object_id": "11", "object_repr": "焼肉", "action_flag": 1, "change_message": "[{\"added\": {}}]"}}, {"model": "admin.logentry", "pk": 36, "fields": {"action_time": "2024-01-29T11:27:08.974Z", "user": "3e1116cd-c7a5-4382-89bc-34acedbad4d5", "content_type": 2, "object_id": "12", "object_repr": "うどん・そば", "action_flag": 1, "change_message": "[{\"added\": {}}]"}}, {"model": "admin.logentry", "pk": 37, "fields": {"action_time": "2024-01-29T11:27:13.774Z", "user": "3e1116cd-c7a5-4382-89bc-34acedbad4d5", "content_type": 2, "object_id": "13", "object_repr": "その他", "action_flag": 1, "change_message": "[{\"added\": {}}]"}}, {"model": "admin.logentry", "pk": 38, "fields": {"action_time": "2024-01-29T11:30:53.278Z", "user": "3e1116cd-c7a5-4382-89bc-34acedbad4d5", "content_type": 4, "object_id": "5", "object_repr": "金曜日", "action_flag": 1, "change_message": "[{\"added\": {}}]"}}, {"model": "admin.logentry", "pk": 39, "fields": {"action_time": "2024-01-29T11:31:20.399Z", "user": "3e1116cd-c7a5-4382-89bc-34acedbad4d5", "content_type": 6, "object_id": "5", "object_repr": "喫茶名古屋", "action_flag": 1, "change_message": "[{\"added\": {}}]"}}, {"model": "admin.logentry", "pk": 40, "fields": {"action_time": "2024-01-29T11:31:58.091Z", "user": "3e1116cd-c7a5-4382-89bc-34acedbad4d5", "content_type": 4, "object_id": "6", "object_repr": "土曜日", "action_flag": 1, "change_message": "[{\"added\": {}}]"}}, {"model": "admin.logentry", "pk": 41, "fields": {"action_time": "2024-01-29T11:32:03.450Z", "user": "3e1116cd-c7a5-4382-89bc-34acedbad4d5", "content_type": 4, "object_id": "7", "object_repr": "日曜日", "action_flag": 1, "change_message": "[{\"added\": {}}]"}}, {"model": "admin.logentry", "pk": 42, "fields": {"action_time": "2024-01-29T11:32:32.550Z", "user": "3e1116cd-c7a5-4382-89bc-34acedbad4d5", "content_type": 6, "object_id": "6", "object_repr": "カフェコーヒー", "action_flag": 1, "change_message": "[{\"added\": {}}]"}}, {"model": "admin.logentry", "pk": 43, "fields": {"action_time": "2024-01-29T11:33:56.989Z", "user": "3e1116cd-c7a5-4382-89bc-34acedbad4d5", "content_type": 6, "object_id": "7", "object_repr": "うどん屋NAGOYA", "action_flag": 1, "change_message": "[{\"added\": {}}]"}}, {"model": "admin.logentry", "pk": 44, "fields": {"action_time": "2024-01-29T11:35:41.136Z", "user": "3e1116cd-c7a5-4382-89bc-34acedbad4d5", "content_type": 6, "object_id": "8", "object_repr": "タイ料理バンコク", "action_flag": 1, "change_message": "[{\"added\": {}}]"}}, {"model": "admin.logentry", "pk": 45, "fields": {"action_time": "2024-01-29T11:37:12.630Z", "user": "3e1116cd-c7a5-4382-89bc-34acedbad4d5", "content_type": 6, "object_id": "9", "object_repr": "イタリアン　ピザ", "action_flag": 1, "change_message": "[{\"added\": {}}]"}}, {"model": "admin.logentry", "pk": 46, "fields": {"action_time": "2024-01-29T11:38:51.575Z", "user": "3e1116cd-c7a5-4382-89bc-34acedbad4d5", "content_type": 6, "object_id": "10", "object_repr": "焼肉　愛知", "action_flag": 1, "change_message": "[{\"added\": {}}]"}}, {"model": "admin.logentry", "pk": 47, "fields": {"action_time": "2024-01-30T09:44:49.844Z", "user": "3e1116cd-c7a5-4382-89bc-34acedbad4d5", "content_type": 6, "object_id": "1", "object_repr": "test", "action_flag": 2, "change_message": "[{\"changed\": {\"fields\": [\"\\u5e97\\u8217\\u753b\\u50cf\"]}}]"}}, {"model": "admin.logentry", "pk": 48, "fields": {"action_time": "2024-01-30T09:51:45.280Z", "user": "3e1116cd-c7a5-4382-89bc-34acedbad4d5", "content_type": 6, "object_id": "1", "object_repr": "test", "action_flag": 3, "change_message": ""}}, {"model": "admin.logentry", "pk": 49, "fields": {"action_time": "2024-01-30T09:59:53.524Z", "user": "3e1116cd-c7a5-4382-89bc-34acedbad4d5", "content_type": 6, "object_id": "2", "object_repr": "和食テスト", "action_flag": 2, "change_message": "[{\"changed\": {\"fields\": [\"\\u5e97\\u8217\\u753b\\u50cf\"]}}]"}}, {"model": "admin.logentry", "pk": 50, "fields": {"action_time": "2024-01-30T10:00:04.376Z", "user": "3e1116cd-c7a5-4382-89bc-34acedbad4d5", "content_type": 6, "object_id": "3", "object_repr": "台湾ラーメン", "action_flag": 2, "change_message": "[{\"changed\": {\"fields\": [\"\\u5e97\\u8217\\u753b\\u50cf\"]}}]"}}, {"model": "admin.logentry", "pk": 51, "fields": {"action_time": "2024-01-30T10:00:16.534Z", "user": "3e1116cd-c7a5-4382-89bc-34acedbad4d5", "content_type": 6, "object_id": "4", "object_repr": "あんかけスパゲティ", "action_flag": 2, "change_message": "[{\"changed\": {\"fields\": [\"\\u5e97\\u8217\\u753b\\u50cf\"]}}]"}}, {"model": "admin.logentry", "pk": 52, "fields": {"action_time": "2024-01-30T10:00:34.814Z", "user": "3e1116cd-c7a5-4382-89bc-34acedbad4d5", "content_type": 6, "object_id": "5", "object_repr": "喫茶名古屋", "action_flag": 2, "change_message": "[{\"changed\": {\"fields\": [\"\\u5e97\\u8217\\u753b\\u50cf\"]}}]"}}, {"model": "admin.logentry", "pk": 53, "fields": {"action_time": "2024-01-30T10:00:46.288Z", "user": "3e1116cd-c7a5-4382-89bc-34acedbad4d5", "content_type": 6, "object_id": "6", "object_repr": "カフェコーヒー", "action_flag": 2, "change_message": "[{\"changed\": {\"fields\": [\"\\u5e97\\u8217\\u753b\\u50cf\"]}}]"}}, {"model": "admin.logentry", "pk": 54, "fields": {"action_time": "2024-01-30T10:00:55.444Z", "user": "3e1116cd-c7a5-4382-89bc-34acedbad4d5", "content_type": 6, "object_id": "7", "object_repr": "うどん屋NAGOYA", "action_flag": 2, "change_message": "[{\"changed\": {\"fields\": [\"\\u5e97\\u8217\\u753b\\u50cf\"]}}]"}}, {"model": "admin.logentry", "pk": 55, "fields": {"action_time": "2024-01-30T10:01:06.569Z", "user": "3e1116cd-c7a5-4382-89bc-34acedbad4d5", "content_type": 6, "object_id": "8", "object_repr": "タイ料理バンコク", "action_flag": 2, "change_message": "[{\"changed\": {\"fields\": [\"\\u5e97\\u8217\\u753b\\u50cf\"]}}]"}}, {"model": "admin.logentry", "pk": 56, "fields": {"action_time": "2024-01-30T10:01:14.891Z", "user": "3e1116cd-c7a5-4382-89bc-34acedbad4d5", "content_type": 6, "object_id": "9", "object_repr": "イタリアン　ピザ", "action_flag": 2, "change_message": "[{\"changed\": {\"fields\": [\"\\u5e97\\u8217\\u753b\\u50cf\"]}}]"}}, {"model": "admin.logentry", "pk": 57, "fields": {"action_time": "2024-01-30T10:01:22.780Z", "user": "3e1116cd-c7a5-4382-89bc-34acedbad4d5", "content_type": 6, "object_id": "10", "object_repr": "焼肉　愛知", "action_flag": 2, "change_message": "[{\"changed\": {\"fields\": [\"\\u5e97\\u8217\\u753b\\u50cf\"]}}]"}}, {"model": "admin.logentry", "pk": 58, "fields": {"action_time": "2024-01-30T10:01:56.172Z", "user": "3e1116cd-c7a5-4382-89bc-34acedbad4d5", "content_type": 6, "object_id": "10", "object_repr": "焼肉 　愛知", "action_flag": 2, "change_message": "[{\"changed\": {\"fields\": [\"\\u5e97\\u8217\\u753b\\u50cf\"]}}]"}}, {"model": "admin.logentry", "pk": 59, "fields": {"action_time": "2024-01-30T10:02:05.528Z", "user": "3e1116cd-c7a5-4382-89bc-34acedbad4d5", "content_type": 6, "object_id": "9", "object_repr": "イタリアン　ピザ", "action_flag": 2, "change_message": "[{\"changed\": {\"fields\": [\"\\u5e97\\u8217\\u753b\\u50cf\"]}}]"}}, {"model": "admin.logentry", "pk": 60, "fields": {"action_time": "2024-01-30T10:02:18.868Z", "user": "3e1116cd-c7a5-4382-89bc-34acedbad4d5", "content_type": 6, "object_id": "8", "object_repr": "タイ料理バンコク", "action_flag": 2, "change_message": "[{\"changed\": {\"fields\": [\"\\u5e97\\u8217\\u753b\\u50cf\"]}}]"}}, {"model": "admin.logentry", "pk": 61, "fields": {"action_time": "2024-01-30T10:02:34.562Z", "user": "3e1116cd-c7a5-4382-89bc-34acedbad4d5", "content_type": 6, "object_id": "6", "object_repr": "カフェコーヒー", "action_flag": 2, "change_message": "[{\"changed\": {\"fields\": [\"\\u5e97\\u8217\\u753b\\u50cf\"]}}]"}}, {"model": "admin.logentry", "pk": 62, "fields": {"action_time": "2024-01-30T10:02:51.951Z", "user": "3e1116cd-c7a5-4382-89bc-34acedbad4d5", "content_type": 6, "object_id": "8", "object_repr": "タイ料理バンコク", "action_flag": 2, "change_message": "[{\"changed\": {\"fields\": [\"\\u5e97\\u8217\\u753b\\u50cf\"]}}]"}}, {"model": "admin.logentry", "pk": 63, "fields": {"action_time": "2024-01-30T10:03:00.286Z", "user": "3e1116cd-c7a5-4382-89bc-34acedbad4d5", "content_type": 6, "object_id": "4", "object_repr": "あんかけスパゲティ", "action_flag": 2, "change_message": "[{\"changed\": {\"fields\": [\"\\u5e97\\u8217\\u753b\\u50cf\"]}}]"}}, {"model": "admin.logentry", "pk": 64, "fields": {"action_time": "2024-01-30T10:09:52.923Z", "user": "3e1116cd-c7a5-4382-89bc-34acedbad4d5", "content_type": 6, "object_id": "9", "object_repr": "イタリアン　ピザ", "action_flag": 2, "change_message": "[{\"changed\": {\"fields\": [\"\\u5e97\\u8217\\u753b\\u50cf\"]}}]"}}, {"model": "admin.logentry", "pk": 65, "fields": {"action_time": "2024-02-01T04:56:37.956Z", "user": "3e1116cd-c7a5-4382-89bc-34acedbad4d5", "content_type": 6, "object_id": "2", "object_repr": "和食テスト", "action_flag": 2, "change_message": "[{\"changed\": {\"fields\": [\"\\u30ab\\u30c6\\u30b4\\u30ea\"]}}]"}}, {"model": "admin.logentry", "pk": 66, "fields": {"action_time": "2024-02-08T04:40:54.026Z", "user": "3e1116cd-c7a5-4382-89bc-34acedbad4d5", "content_type": 9, "object_id": "3e1116cd-c7a5-4382-89bc-34acedbad4d5", "object_repr": "mariin5@icloud.com", "action_flag": 2, "change_message": "[{\"changed\": {\"fields\": [\"\\u6709\\u6599\\u4f1a\\u54e1\"]}}]"}}, {"model": "admin.logentry", "pk": 67, "fields": {"action_time": "2024-02-10T06:07:47.595Z", "user": "3e1116cd-c7a5-4382-89bc-34acedbad4d5", "content_type": 9, "object_id": "3e1116cd-c7a5-4382-89bc-34acedbad4d5", "object_repr": "mariin5@icloud.com", "action_flag": 2, "change_message": "[]"}}, {"model": "admin.logentry", "pk": 68, "fields": {"action_time": "2024-02-14T00:46:11.536Z", "user": "3e1116cd-c7a5-4382-89bc-34acedbad4d5", "content_type": 9, "object_id": "3e1116cd-c7a5-4382-89bc-34acedbad4d5", "object_repr": "mariin5@icloud.com", "action_flag": 2, "change_message": "[{\"changed\": {\"fields\": [\"\\u6709\\u6599\\u4f1a\\u54e1\"]}}]"}}, {"model": "admin.logentry", "pk": 69, "fields": {"action_time": "2024-02-14T01:36:04.699Z", "user": "3e1116cd-c7a5-4382-89bc-34acedbad4d5", "content_type": 9, "object_id": "3e1116cd-c7a5-4382-89bc-34acedbad4d5", "object_repr": "mariin5@icloud.com", "action_flag": 2, "change_message": "[{\"changed\": {\"fields\": [\"\\u6709\\u6599\\u4f1a\\u54e1\"]}}]"}}, {"model": "admin.logentry", "pk": 70, "fields": {"action_time": "2024-02-19T02:30:25.954Z", "user": "3e1116cd-c7a5-4382-89bc-34acedbad4d5", "content_type": 9, "object_id": "3e1116cd-c7a5-4382-89bc-34acedbad4d5", "object_repr": "mariin5@icloud.com", "action_flag": 2, "change_message": "[{\"changed\": {\"fields\": [\"\\u6709\\u6599\\u4f1a\\u54e1\"]}}]"}}, {"model": "admin.logentry", "pk": 71, "fields": {"action_time": "2024-02-20T01:14:30.909Z", "user": "4ca361ae-bf60-4c9a-b90f-4b712f8bf545", "content_type": 9, "object_id": "3e1116cd-c7a5-4382-89bc-34acedbad4d5", "object_repr": "mariin5@icloud.com", "action_flag": 2, "change_message": "[{\"changed\": {\"fields\": [\"Active\"]}}]"}}, {"model": "admin.logentry", "pk": 72, "fields": {"action_time": "2024-02-20T01:50:24.065Z", "user": "4ca361ae-bf60-4c9a-b90f-4b712f8bf545", "content_type": 6, "object_id": "10", "object_repr": "焼肉　愛知", "action_flag": 2, "change_message": "[{\"changed\": {\"fields\": [\"\\u55b6\\u696d\\u958b\\u59cb\\u6642\\u9593\", \"\\u55b6\\u696d\\u7d42\\u4e86\\u6642\\u9593\", \"\\u6700\\u5927\\u4e88\\u7d04\\u53ef\\u80fd\\u4eba\\u6570\"]}}]"}}, {"model": "admin.logentry", "pk": 73, "fields": {"action_time": "2024-02-20T01:50:49.918Z", "user": "4ca361ae-bf60-4c9a-b90f-4b712f8bf545", "content_type": 6, "object_id": "9", "object_repr": "イタリアン　ピザ", "action_flag": 2, "change_message": "[{\"changed\": {\"fields\": [\"\\u55b6\\u696d\\u958b\\u59cb\\u6642\\u9593\", \"\\u55b6\\u696d\\u7d42\\u4e86\\u6642\\u9593\", \"\\u6700\\u5927\\u4e88\\u7d04\\u53ef\\u80fd\\u4eba\\u6570\"]}}]"}}, {"model": "admin.logentry", "pk": 74, "fields": {"action_time": "2024-02-20T01:51:13.485Z", "user": "4ca361ae-bf60-4c9a-b90f-4b712f8bf545", "content_type": 6, "object_id": "8", "object_repr": "タイ料理バンコク", "action_flag": 2, "change_message": "[{\"changed\": {\"fields\": [\"\\u55b6\\u696d\\u958b\\u59cb\\u6642\\u9593\", \"\\u55b6\\u696d\\u7d42\\u4e86\\u6642\\u9593\", \"\\u6700\\u5927\\u4e88\\u7d04\\u53ef\\u80fd\\u4eba\\u6570\"]}}]"}}, {"model": "admin.logentry", "pk": 75, "fields": {"action_time": "2024-02-20T01:51:44.356Z", "user": "4ca361ae-bf60-4c9a-b90f-4b712f8bf545", "content_type": 6, "object_id": "7", "object_repr": "うどん屋NAGOYA", "action_flag": 2, "change_message": "[{\"changed\": {\"fields\": [\"\\u55b6\\u696d\\u958b\\u59cb\\u6642\\u9593\", \"\\u55b6\\u696d\\u7d42\\u4e86\\u6642\\u9593\", \"\\u6700\\u5927\\u4e88\\u7d04\\u53ef\\u80fd\\u4eba\\u6570\"]}}]"}}, {"model": "admin.logentry", "pk": 76, "fields": {"action_time": "2024-02-20T01:52:12.080Z", "user": "4ca361ae-bf60-4c9a-b90f-4b712f8bf545", "content_type": 6, "object_id": "6", "object_repr": "カフェコーヒー", "action_flag": 2, "change_message": "[{\"changed\": {\"fields\": [\"\\u55b6\\u696d\\u958b\\u59cb\\u6642\\u9593\", \"\\u55b6\\u696d\\u7d42\\u4e86\\u6642\\u9593\", \"\\u6700\\u5927\\u4e88\\u7d04\\u53ef\\u80fd\\u4eba\\u6570\"]}}]"}}, {"model": "admin.logentry", "pk": 77, "fields": {"action_time": "2024-02-20T01:52:40.817Z", "user": "4ca361ae-bf60-4c9a-b90f-4b712f8bf545", "content_type": 6, "object_id": "5", "object_repr": "喫茶名古屋", "action_flag": 2, "change_message": "[{\"changed\": {\"fields\": [\"\\u55b6\\u696d\\u958b\\u59cb\\u6642\\u9593\", \"\\u55b6\\u696d\\u7d42\\u4e86\\u6642\\u9593\", \"\\u6700\\u5927\\u4e88\\u7d04\\u53ef\\u80fd\\u4eba\\u6570\"]}}]"}}, {"model": "admin.logentry", "pk": 78, "fields": {"action_time": "2024-02-20T01:53:05.681Z", "user": "4ca361ae-bf60-4c9a-b90f-4b712f8bf545", "content_type": 6, "object_id": "4", "object_repr": "あんかけスパゲティ", "action_flag": 2, "change_message": "[{\"changed\": {\"fields\": [\"\\u55b6\\u696d\\u958b\\u59cb\\u6642\\u9593\", \"\\u55b6\\u696d\\u7d42\\u4e86\\u6642\\u9593\", \"\\u6700\\u5927\\u4e88\\u7d04\\u53ef\\u80fd\\u4eba\\u6570\"]}}]"}}, {"model": "admin.logentry", "pk": 79, "fields": {"action_time": "2024-02-20T01:53:32.100Z", "user": "4ca361ae-bf60-4c9a-b90f-4b712f8bf545", "content_type": 6, "object_id": "3", "object_repr": "台湾ラーメン", "action_flag": 2, "change_message": "[{\"changed\": {\"fields\": [\"\\u55b6\\u696d\\u958b\\u59cb\\u6642\\u9593\", \"\\u55b6\\u696d\\u7d42\\u4e86\\u6642\\u9593\", \"\\u6700\\u5927\\u4e88\\u7d04\\u53ef\\u80fd\\u4eba\\u6570\"]}}]"}}, {"model": "admin.logentry", "pk": 80, "fields": {"action_time": "2024-02-20T01:54:14.042Z", "user": "4ca361ae-bf60-4c9a-b90f-4b712f8bf545", "content_type": 6, "object_id": "2", "object_repr": "和食テスト", "action_flag": 2, "change_message": "[{\"changed\": {\"fields\": [\"\\u55b6\\u696d\\u958b\\u59cb\\u6642\\u9593\", \"\\u55b6\\u696d\\u7d42\\u4e86\\u6642\\u9593\", \"\\u6700\\u5927\\u4e88\\u7d04\\u53ef\\u80fd\\u4eba\\u6570\"]}}]"}}, {"model": "admin.logentry", "pk": 81, "fields": {"action_time": "2024-02-22T06:53:33.310Z", "user": "4ca361ae-bf60-4c9a-b90f-4b712f8bf545", "content_type": 8, "object_id": "1", "object_repr": "Review object (1)", "action_flag": 1, "change_message": "[{\"added\": {}}]"}}, {"model": "admin.logentry", "pk": 82, "fields": {"action_time": "2024-02-22T06:53:57.055Z", "user": "4ca361ae-bf60-4c9a-b90f-4b712f8bf545", "content_type": 8, "object_id": "1", "object_repr": "Review object (1)", "action_flag": 3, "change_message": ""}}, {"model": "admin.logentry", "pk": 83, "fields": {"action_time": "2024-02-26T09:24:13.627Z", "user": "3e1116cd-c7a5-4382-89bc-34acedbad4d5", "content_type": 9, "object_id": "3e1116cd-c7a5-4382-89bc-34acedbad4d5", "object_repr": "mariin5@icloud.com", "action_flag": 2, "change_message": "[]"}}, {"model": "admin.logentry", "pk": 84, "fields": {"action_time": "2024-02-27T05:43:38.804Z", "user": "4ca361ae-bf60-4c9a-b90f-4b712f8bf545", "content_type": 9, "object_id": "4ca361ae-bf60-4c9a-b90f-4b712f8bf545", "object_repr": "test@test.com", "action_flag": 2, "change_message": "[{\"changed\": {\"fields\": [\"Superuser status\"]}}]"}}, {"model": "admin.logentry", "pk": 85, "fields": {"action_time": "2024-02-27T05:45:07.999Z", "user": "3e1116cd-c7a5-4382-89bc-34acedbad4d5", "content_type": 9, "object_id": "4ca361ae-bf60-4c9a-b90f-4b712f8bf545", "object_repr": "test@test.com", "action_flag": 2, "change_message": "[{\"changed\": {\"fields\": [\"Superuser status\"]}}]"}}, {"model": "auth.permission", "pk": 1, "fields": {"name": "Can add area", "content_type": 1, "codename": "add_area"}}, {"model": "auth.permission", "pk": 2, "fields": {"name": "Can change area", "content_type": 1, "codename": "change_area"}}, {"model": "auth.permission", "pk": 3, "fields": {"name": "Can delete area", "content_type": 1, "codename": "delete_area"}}, {"model": "auth.permission", "pk": 4, "fields": {"name": "Can view area", "content_type": 1, "codename": "view_area"}}, {"model": "auth.permission", "pk": 5, "fields": {"name": "Can add category", "content_type": 2, "codename": "add_category"}}, {"model": "auth.permission", "pk": 6, "fields": {"name": "Can change category", "content_type": 2, "codename": "change_category"}}, {"model": "auth.permission", "pk": 7, "fields": {"name": "Can delete category", "content_type": 2, "codename": "delete_category"}}, {"model": "auth.permission", "pk": 8, "fields": {"name": "Can view category", "content_type": 2, "codename": "view_category"}}, {"model": "auth.permission", "pk": 9, "fields": {"name": "Can add company", "content_type": 3, "codename": "add_company"}}, {"model": "auth.permission", "pk": 10, "fields": {"name": "Can change company", "content_type": 3, "codename": "change_company"}}, {"model": "auth.permission", "pk": 11, "fields": {"name": "Can delete company", "content_type": 3, "codename": "delete_company"}}, {"model": "auth.permission", "pk": 12, "fields": {"name": "Can view company", "content_type": 3, "codename": "view_company"}}, {"model": "auth.permission", "pk": 13, "fields": {"name": "Can add holiday", "content_type": 4, "codename": "add_holiday"}}, {"model": "auth.permission", "pk": 14, "fields": {"name": "Can change holiday", "content_type": 4, "codename": "change_holiday"}}, {"model": "auth.permission", "pk": 15, "fields": {"name": "Can delete holiday", "content_type": 4, "codename": "delete_holiday"}}, {"model": "auth.permission", "pk": 16, "fields": {"name": "Can view holiday", "content_type": 4, "codename": "view_holiday"}}, {"model": "auth.permission", "pk": 17, "fields": {"name": "Can add pay method", "content_type": 5, "codename": "add_paymethod"}}, {"model": "auth.permission", "pk": 18, "fields": {"name": "Can change pay method", "content_type": 5, "codename": "change_paymethod"}}, {"model": "auth.permission", "pk": 19, "fields": {"name": "Can delete pay method", "content_type": 5, "codename": "delete_paymethod"}}, {"model": "auth.permission", "pk": 20, "fields": {"name": "Can view pay method", "content_type": 5, "codename": "view_paymethod"}}, {"model": "auth.permission", "pk": 21, "fields": {"name": "Can add restaurant", "content_type": 6, "codename": "add_restaurant"}}, {"model": "auth.permission", "pk": 22, "fields": {"name": "Can change restaurant", "content_type": 6, "codename": "change_restaurant"}}, {"model": "auth.permission", "pk": 23, "fields": {"name": "Can delete restaurant", "content_type": 6, "codename": "delete_restaurant"}}, {"model": "auth.permission", "pk": 24, "fields": {"name": "Can view restaurant", "content_type": 6, "codename": "view_restaurant"}}, {"model": "auth.permission", "pk": 25, "fields": {"name": "Can add reservation", "content_type": 7, "codename": "add_reservation"}}, {"model": "auth.permission", "pk": 26, "fields": {"name": "Can change reservation", "content_type": 7, "codename": "change_reservation"}}, {"model": "auth.permission", "pk": 27, "fields": {"name": "Can delete reservation", "content_type": 7, "codename": "delete_reservation"}}, {"model": "auth.permission", "pk": 28, "fields": {"name": "Can view reservation", "content_type": 7, "codename": "view_reservation"}}, {"model": "auth.permission", "pk": 29, "fields": {"name": "Can add review", "content_type": 8, "codename": "add_review"}}, {"model": "auth.permission", "pk": 30, "fields": {"name": "Can change review", "content_type": 8, "codename": "change_review"}}, {"model": "auth.permission", "pk": 31, "fields": {"name": "Can delete review", "content_type": 8, "codename": "delete_review"}}, {"model": "auth.permission", "pk": 32, "fields": {"name": "Can view review", "content_type": 8, "codename": "view_review"}}, {"model": "auth.permission", "pk": 33, "fields": {"name": "Can add user", "content_type": 9, "codename": "add_customuser"}}, {"model": "auth.permission", "pk": 34, "fields": {"name": "Can change user", "content_type": 9, "codename": "change_customuser"}}, {"model": "auth.permission", "pk": 35, "fields": {"name": "Can delete user", "content_type": 9, "codename": "delete_customuser"}}, {"model": "auth.permission", "pk": 36, "fields": {"name": "Can view user", "content_type": 9, "codename": "view_customuser"}}, {"model": "auth.permission", "pk": 37, "fields": {"name": "Can add log entry", "content_type": 10, "codename": "add_logentry"}}, {"model": "auth.permission", "pk": 38, "fields": {"name": "Can change log entry", "content_type": 10, "codename": "change_logentry"}}, {"model": "auth.permission", "pk": 39, "fields": {"name": "Can delete log entry", "content_type": 10, "codename": "delete_logentry"}}, {"model": "auth.permission", "pk": 40, "fields": {"name": "Can view log entry", "content_type": 10, "codename": "view_logentry"}}, {"model": "auth.permission", "pk": 41, "fields": {"name": "Can add permission", "content_type": 11, "codename": "add_permission"}}, {"model": "auth.permission", "pk": 42, "fields": {"name": "Can change permission", "content_type": 11, "codename": "change_permission"}}, {"model": "auth.permission", "pk": 43, "fields": {"name": "Can delete permission", "content_type": 11, "codename": "delete_permission"}}, {"model": "auth.permission", "pk": 44, "fields": {"name": "Can view permission", "content_type": 11, "codename": "view_permission"}}, {"model": "auth.permission", "pk": 45, "fields": {"name": "Can add group", "content_type": 12, "codename": "add_group"}}, {"model": "auth.permission", "pk": 46, "fields": {"name": "Can change group", "content_type": 12, "codename": "change_group"}}, {"model": "auth.permission", "pk": 47, "fields": {"name": "Can delete group", "content_type": 12, "codename": "delete_group"}}, {"model": "auth.permission", "pk": 48, "fields": {"name": "Can view group", "content_type": 12, "codename": "view_group"}}, {"model": "auth.permission", "pk": 49, "fields": {"name": "Can add content type", "content_type": 13, "codename": "add_contenttype"}}, {"model": "auth.permission", "pk": 50, "fields": {"name": "Can change content type", "content_type": 13, "codename": "change_contenttype"}}, {"model": "auth.permission", "pk": 51, "fields": {"name": "Can delete content type", "content_type": 13, "codename": "delete_contenttype"}}, {"model": "auth.permission", "pk": 52, "fields": {"name": "Can view content type", "content_type": 13, "codename": "view_contenttype"}}, {"model": "auth.permission", "pk": 53, "fields": {"name": "Can add session", "content_type": 14, "codename": "add_session"}}, {"model": "auth.permission", "pk": 54, "fields": {"name": "Can change session", "content_type": 14, "codename": "change_session"}}, {"model": "auth.permission", "pk": 55, "fields": {"name": "Can delete session", "content_type": 14, "codename": "delete_session"}}, {"model": "auth.permission", "pk": 56, "fields": {"name": "Can view session", "content_type": 14, "codename": "view_session"}}, {"model": "auth.permission", "pk": 57, "fields": {"name": "Can add favorite", "content_type": 15, "codename": "add_favorite"}}, {"model": "auth.permission", "pk": 58, "fields": {"name": "Can change favorite", "content_type": 15, "codename": "change_favorite"}}, {"model": "auth.permission", "pk": 59, "fields": {"name": "Can delete favorite", "content_type": 15, "codename": "delete_favorite"}}, {"model": "auth.permission", "pk": 60, "fields": {"name": "Can view favorite", "content_type": 15, "codename": "view_favorite"}}, {"model": "contenttypes.contenttype", "pk": 1, "fields": {"app_label": "nagoyameshi", "model": "area"}}, {"model": "contenttypes.contenttype", "pk": 2, "fields": {"app_label": "nagoyameshi", "model": "category"}}, {"model": "contenttypes.contenttype", "pk": 3, "fields": {"app_label": "nagoyameshi", "model": "company"}}, {"model": "contenttypes.contenttype", "pk": 4, "fields": {"app_label": "nagoyameshi", "model": "holiday"}}, {"model": "contenttypes.contenttype", "pk": 5, "fields": {"app_label": "nagoyameshi", "model": "paymethod"}}, {"model": "contenttypes.contenttype", "pk": 6, "fields": {"app_label": "nagoyameshi", "model": "restaurant"}}, {"model": "contenttypes.contenttype", "pk": 7, "fields": {"app_label": "nagoyameshi", "model": "reservation"}}, {"model": "contenttypes.contenttype", "pk": 8, "fields": {"app_label": "nagoyameshi", "model": "review"}},{"model": "contenttypes.contenttype", "pk": 10, "fields": {"app_label": "admin", "model": "logentry"}}, {"model": "contenttypes.contenttype", "pk": 11, "fields": {"app_label": "auth", "model": "permission"}}, {"model": "contenttypes.contenttype", "pk": 12, "fields": {"app_label": "auth", "model": "group"}}, {"model": "contenttypes.contenttype", "pk": 13, "fields": {"app_label": "contenttypes", "model": "contenttype"}}, {"model": "contenttypes.contenttype", "pk": 14, "fields": {"app_label": "sessions", "model": "session"}}, {"model": "contenttypes.contenttype", "pk": 15, "fields": {"app_label": "nagoyameshi", "model": "favorite"}}, {"model": "sessions.session", "pk": "2wq8njdupmufbfuhktgldc27yvuj6s3s", "fields": {"session_data": ".eJxVjjkOwjAUBe_imlj53k1Jzxmiv9iERYmUpULcnURKAfWbGb236nBd-m6dy9TdRZ2VLQAQWBqO6Btnk2lSJm6sQy5CKE68Ov1qhPwsw-7KA4fbqHkclulOekf0sc76Okp5XQ72L9Dj3G82WAHMFFNFomDRGKmtMc5aZoroMoQEBJWpDeCzJYQaSkqeGeN2Wn2-SwNBqg:1rSCt8:Ez2pyCgcfF22NMcoZV-CLSp7GqN8i1zHOiDRbZAoECs", "expire_date": "2024-02-06T09:16:10.109Z"}}, {"model": "sessions.session", "pk": "3ino7n6l4dvs6xlrnyhn05hdeypw1nic", "fields": {"session_data": ".eJxVjjkOwjAUBe_imlj53k1Jzxmiv9iERYmUpULcnURKAfWbGb236nBd-m6dy9TdRZ2VLQAQWBqO6Btnk2lSJm6sQy5CKE68Ov1qhPwsw-7KA4fbqHkclulOekf0sc76Okp5XQ72L9Dj3G82WAHMFFNFomDRGKmtMc5aZoroMoQEBJWpDeCzJYQaSkqeGeN2Wn2-SwNBqg:1rPexh:eY5zUMYKtc9E0oADKJ9b7B48kPBCRayUORscBCLw5G8", "expire_date": "2024-01-30T08:38:21.956Z"}}, {"model": "sessions.session", "pk": "5gm5q9kd9r0obphn5ag5dxwfqiyxtzk2", "fields": {"session_data": ".eJxVjjkOwjAUBe_imlj53k1Jzxmiv9iERYmUpULcnURKAfWbGb236nBd-m6dy9TdRZ2VLQAQWBqO6Btnk2lSJm6sQy5CKE68Ov1qhPwsw-7KA4fbqHkclulOekf0sc76Okp5XQ72L9Dj3G82WAHMFFNFomDRGKmtMc5aZoroMoQEBJWpDeCzJYQaSkqeGeN2Wn2-SwNBqg:1rRNZp:wc_JgF9s24hnSwtU8Psn2UgSRyn-VSc38WeX2F7flHs", "expire_date": "2024-02-04T02:28:49.516Z"}}, {"model": "sessions.session", "pk": "8al9zxfmcm50g8vtr242dt3ff5z4gsj1", "fields": {"session_data": ".eJxVjTkOwjAQRe_imlieeLxR0nOGaMYeExYlUpYKcXcSKQXU_73336qjdem7dZapuxd1VpjJeiBpuHrTYE7UcDK1QQ7Q1sjVoVOnX40pP2XY3fKg4TbqPA7LdGe9I_pYZ30di7wuB_sX6GnuNztLBa4hmYQtScgtgkCOFUpBl5hk-xaC6JKJlrlYch5cYAL0DotVny9XHEH6:1rf8VS:vhxscC5xg3hp8j7GpTzB-kXdH8-zVHyUrKhxPVfFn-A", "expire_date": "2024-03-13T01:13:10.279Z"}}, {"model": "sessions.session", "pk": "d6ohht1mq8odsql1htsfgcctk8wysk8w", "fields": {"session_data": ".eJxVjjkOwjAUBe_imlj53k1Jzxmiv9iERYmUpULcnURKAfWbGb236nBd-m6dy9TdRZ2VLQAQWBqO6Btnk2lSJm6sQy5CKE68Ov1qhPwsw-7KA4fbqHkclulOekf0sc76Okp5XQ72L9Dj3G82WAHMFFNFomDRGKmtMc5aZoroMoQEBJWpDeCzJYQaSkqeGeN2Wn2-SwNBqg:1rNUOg:uhH3IppFoOz6yz5enXsrY-xB5_kPspXn7C_fTJ_2ub4", "expire_date": "2024-01-24T08:57:14.430Z"}}, {"model": "sessions.session", "pk": "jiiz2vv7becgiviujzeuicib9grxmj5c", "fields": {"session_data": ".eJxVjjkOwjAUBe_imlj53k1Jzxmiv9iERYmUpULcnURKAfWbGb236nBd-m6dy9TdRZ2VLQAQWBqO6Btnk2lSJm6sQy5CKE68Ov1qhPwsw-7KA4fbqHkclulOekf0sc76Okp5XQ72L9Dj3G82WAHMFFNFomDRGKmtMc5aZoroMoQEBJWpDeCzJYQaSkqeGeN2Wn2-SwNBqg:1rXtt8:1acfCEyaM0ilKQdEBXFHhRI-ZsfCeeQOc-BVtNyDGWA", "expire_date": "2024-02-22T02:11:42.642Z"}}]