[{"model": "nagoyameshi.category", "pk": 1, "fields": {"category_name": "和食", "created_at": "2024-01-16T08:51:24Z", "updated_at": "2024-01-16T08:52:03.293Z"}}, {"model": "nagoyameshi.category", "pk": 2, "fields": {"category_name": "中華", "created_at": "2024-01-16T09:06:07Z", "updated_at": "2024-01-16T09:06:11.729Z"}}, {"model": "nagoyameshi.category", "pk": 3, "fields": {"category_name": "ラーメン", "created_at": "2024-01-21T02:35:33Z", "updated_at": "2024-01-21T02:35:39.896Z"}}, {"model": "nagoyameshi.category", "pk": 4, "fields": {"category_name": "洋食", "created_at": "2024-01-21T02:37:48Z", "updated_at": "2024-01-21T02:37:50.781Z"}}, {"model": "nagoyameshi.category", "pk": 5, "fields": {"category_name": "エスニック", "created_at": "2024-01-29T11:26:35Z", "updated_at": "2024-01-29T11:26:41.643Z"}}, {"model": "nagoyameshi.category", "pk": 6, "fields": {"category_name": "イタリアン", "created_at": "2024-01-29T11:26:44Z", "updated_at": "2024-01-29T11:26:47.834Z"}}, {"model": "nagoyameshi.category", "pk": 7, "fields": {"category_name": "フレンチ", "created_at": "2024-01-29T11:26:47Z", "updated_at": "2024-01-29T11:26:50.871Z"}}, {"model": "nagoyameshi.category", "pk": 8, "fields": {"category_name": "居酒屋", "created_at": "2024-01-29T11:26:51Z", "updated_at": "2024-01-29T11:26:53.932Z"}}, {"model": "nagoyameshi.category", "pk": 9, "fields": {"category_name": "カフェ・喫茶店", "created_at": "2024-01-29T11:26:54Z", "updated_at": "2024-01-29T11:26:56.787Z"}}, {"model": "nagoyameshi.category", "pk": 10, "fields": {"category_name": "ファストフード", "created_at": "2024-01-29T11:26:56Z", "updated_at": "2024-01-29T11:27:01.801Z"}}, {"model": "nagoyameshi.category", "pk": 11, "fields": {"category_name": "焼肉", "created_at": "2024-01-29T11:27:01Z", "updated_at": "2024-01-29T11:27:05.155Z"}}, {"model": "nagoyameshi.category", "pk": 12, "fields": {"category_name": "うどん・そば", "created_at": "2024-01-29T11:27:05Z", "updated_at": "2024-01-29T11:27:08.938Z"}}, {"model": "nagoyameshi.category", "pk": 13, "fields": {"category_name": "その他", "created_at": "2024-01-29T11:27:09Z", "updated_at": "2024-01-29T11:27:13.736Z"}}, {"model": "nagoyameshi.area", "pk": 1, "fields": {"area": "中心部", "created_at": "2024-01-16T08:45:50Z", "updated_at": "2024-01-16T08:45:53.169Z"}}, {"model": "nagoyameshi.area", "pk": 2, "fields": {"area": "東部", "created_at": "2024-01-16T09:05:08Z", "updated_at": "2024-01-16T09:05:12.333Z"}}, {"model": "nagoyameshi.area", "pk": 3, "fields": {"area": "西部", "created_at": "2024-01-21T02:36:28Z", "updated_at": "2024-01-21T02:36:31.977Z"}}, {"model": "nagoyameshi.area", "pk": 4, "fields": {"area": "南部", "created_at": "2024-01-21T02:38:26Z", "updated_at": "2024-01-21T02:38:29.408Z"}}, {"model": "nagoyameshi.area", "pk": 5, "fields": {"area": "港", "created_at": "2024-01-24T08:17:56Z", "updated_at": "2024-01-24T08:17:59.177Z"}}, {"model": "nagoyameshi.paymethod", "pk": 1, "fields": {"paymethod": "現金", "created_at": "2024-01-16T08:39:13Z", "updated_at": "2024-01-16T08:39:15.806Z"}}, {"model": "nagoyameshi.paymethod", "pk": 2, "fields": {"paymethod": "クレジットカード", "created_at": "2024-01-16T08:39:15Z", "updated_at": "2024-01-16T08:39:18.403Z"}}, {"model": "nagoyameshi.paymethod", "pk": 3, "fields": {"paymethod": "交通系ICカード", "created_at": "2024-01-16T08:39:18Z", "updated_at": "2024-01-16T08:39:20.926Z"}}, {"model": "nagoyameshi.paymethod", "pk": 4, "fields": {"paymethod": "電子マネー", "created_at": "2024-01-16T08:39:21Z", "updated_at": "2024-01-16T08:39:23.385Z"}}, {"model": "nagoyameshi.holiday", "pk": 1, "fields": {"holiday": "月曜日", "created_at": "2024-01-16T08:45:10Z", "updated_at": "2024-01-16T08:45:12.882Z"}}, {"model": "nagoyameshi.holiday", "pk": 2, "fields": {"holiday": "木曜日", "created_at": "2024-01-16T09:05:28Z", "updated_at": "2024-01-16T09:05:32.117Z"}}, {"model": "nagoyameshi.holiday", "pk": 3, "fields": {"holiday": "火曜日", "created_at": "2024-01-21T02:36:47Z", "updated_at": "2024-01-21T02:36:50.687Z"}}, {"model": "nagoyameshi.holiday", "pk": 4, "fields": {"holiday": "水曜日", "created_at": "2024-01-21T02:38:46Z", "updated_at": "2024-01-21T02:38:50.805Z"}}, {"model": "nagoyameshi.holiday", "pk": 5, "fields": {"holiday": "金曜日", "created_at": "2024-01-29T11:30:45Z", "updated_at": "2024-01-29T11:30:53.260Z"}}, {"model": "nagoyameshi.holiday", "pk": 6, "fields": {"holiday": "土曜日", "created_at": "2024-01-29T11:31:54Z", "updated_at": "2024-01-29T11:31:58.058Z"}}, {"model": "nagoyameshi.holiday", "pk": 7, "fields": {"holiday": "日曜日", "created_at": "2024-01-29T11:32:01Z", "updated_at": "2024-01-29T11:32:03.411Z"}}, {"model": "nagoyameshi.restaurant", "pk": 1, "fields": {"name": "test", "name_kana": "テスト", "image": "nagoyameshi/restaurant/image/2023-10-12_15-25-53_650.jpeg", "introduction": "aaaaaa", "area": 1, "post_code": "142-0063", "address": "東京都", "tel": "09011111111", "email": "tesu@test.com", "has_parking": "なし", "created_at": "2024-01-16T09:01:25Z", "updated_at": "2024-01-23T09:16:53.516Z", "category_name": [1], "holiday": [1], "paymethod": [1, 2, 3, 4]}}, {"model": "nagoyameshi.restaurant", "pk": 2, "fields": {"name": "和食テスト", "name_kana": "ワショクテスト", "image": "nagoyameshi/restaurant/image/2023-10-20_16-15-26_750.jpeg", "introduction": "aaaaaa", "area": 2, "post_code": "142-0063", "address": "Tokyo", "tel": "0902222222", "email": "testst@test.com", "has_parking": "あり", "created_at": "2024-01-16T09:04:40Z", "updated_at": "2024-01-23T09:16:45.665Z", "category_name": [2], "holiday": [1, 2], "paymethod": [1, 2, 3, 4]}}, {"model": "nagoyameshi.restaurant", "pk": 3, "fields": {"name": "台湾ラーメン", "name_kana": "タイワンラーメン", "image": "nagoyameshi/restaurant/image/ramen_taiwan.png", "introduction": "名古屋グルメの台湾ラーメン", "area": 3, "post_code": "111-1111", "address": "愛知県名古屋市", "tel": "0123456789", "email": "1111@abc.com", "has_parking": "なし", "created_at": "2024-01-21T02:35:29Z", "updated_at": "2024-01-23T09:16:36.876Z", "category_name": [3], "holiday": [3], "paymethod": [1, 2, 3, 4]}}, {"model": "nagoyameshi.restaurant", "pk": 4, "fields": {"name": "あんかけスパゲティ", "name_kana": "アンカケスパゲティ", "image": "nagoyameshi/restaurant/image/food_ankake_supa.png", "introduction": "名古屋グルメ", "area": 4, "post_code": "111-1111", "address": "愛知県名古屋市", "tel": "0123456789", "email": "111@abc.com", "has_parking": "あり", "created_at": "2024-01-21T02:37:43Z", "updated_at": "2024-01-23T09:16:28.573Z", "category_name": [4], "holiday": [4], "paymethod": [1, 2, 3]}}, {"model": "nagoyameshi.restaurant", "pk": 5, "fields": {"name": "喫茶名古屋", "name_kana": "キッサナゴヤ", "image": "nagoyameshi/restaurant/image/cafe_morning_coffee_set_ogura.png", "introduction": "喫茶店", "area": 1, "post_code": "111-1111", "address": "test", "tel": "0123456789", "email": "test@test.com", "has_parking": "あり", "created_at": "2024-01-29T11:28:08Z", "updated_at": "2024-01-29T11:31:20.366Z", "category_name": [9], "holiday": [5], "paymethod": [1, 4]}}, {"model": "nagoyameshi.restaurant", "pk": 6, "fields": {"name": "カフェコーヒー", "name_kana": "カフェコーヒー", "image": "nagoyameshi/restaurant/image/coffee-819362_1280.jpg", "introduction": "test", "area": 2, "post_code": "111-1111", "address": "test", "tel": "0123456789", "email": "test@test.com", "has_parking": "なし", "created_at": "2024-01-29T11:31:20Z", "updated_at": "2024-01-29T11:32:32.512Z", "category_name": [9], "holiday": [6, 7], "paymethod": [1]}}, {"model": "nagoyameshi.restaurant", "pk": 7, "fields": {"name": "うどん屋NAGOYA", "name_kana": "ウドンヤナゴヤ", "image": "nagoyameshi/restaurant/image/food_misonikomi_udon.png", "introduction": "味噌煮込みうどん", "area": 3, "post_code": "111-1111", "address": "test", "tel": "0123456789", "email": "test@test.com", "has_parking": "あり", "created_at": "2024-01-29T11:32:32Z", "updated_at": "2024-01-29T11:33:56.962Z", "category_name": [1], "holiday": [3], "paymethod": [1, 3]}}, {"model": "nagoyameshi.restaurant", "pk": 8, "fields": {"name": "タイ料理バンコク", "name_kana": "タイリョウリバンコク", "image": "nagoyameshi/restaurant/image/thai-food-518035_1280.jpg", "introduction": "タイ料理専門店", "area": 3, "post_code": "111-1111", "address": "test", "tel": "0123456789", "email": "test@test.com", "has_parking": "あり", "created_at": "2024-01-29T11:33:57Z", "updated_at": "2024-01-29T11:35:41.104Z", "category_name": [5], "holiday": [1, 7], "paymethod": [1, 2]}}, {"model": "nagoyameshi.restaurant", "pk": 9, "fields": {"name": "イタリアン　ピザ", "name_kana": "イタリアン　ピザ", "image": "nagoyameshi/restaurant/image/pizza-3010062_1280.jpg", "introduction": "ピザ", "area": 4, "post_code": "111-1111", "address": "test", "tel": "0123456789", "email": "test@test.com", "has_parking": "なし", "created_at": "2024-01-29T11:35:41Z", "updated_at": "2024-01-29T11:37:12.596Z", "category_name": [6], "holiday": [4], "paymethod": [1, 4]}}, {"model": "nagoyameshi.restaurant", "pk": 10, "fields": {"name": "焼肉　愛知", "name_kana": "ヤキニク　アイチ", "image": "nagoyameshi/restaurant/image/grilled-meat-3805770_960_720.jpg", "introduction": "焼肉店", "area": 5, "post_code": "111-1111", "address": "test", "tel": "0123456789", "email": "test@test.com", "has_parking": "あり", "created_at": "2024-01-29T11:37:12Z", "updated_at": "2024-01-29T11:38:51.551Z", "category_name": [11], "holiday": [3, 4, 5], "paymethod": [1, 2]}}, {"model": "nagoyameshi.company", "pk": 1, "fields": {"name": "株式会社SAMURAI", "name_kana": "カブシキガイシャサムライ", "ceo": "test", "founding_date": "2015-03-19", "capital": 11000, "activity": "test", "post_code": "101-0022", "tel": "0123456789", "email": "test@test.com", "created_at": "2024-01-23T10:38:28Z", "updated_at": "2024-01-24T06:30:10.662Z"}}]
